user_id,item_id,skill_id,correct,order_id
1,decimal_comparison_q1,decimal_comparison,0,0
1,decimal_comparison_q2,decimal_comparison,1,1
1,decimal_comparison_q3,decimal_comparison,1,2
1,decimal_comparison_q4,decimal_comparison,1,3
1,decimal_comparison_q5,decimal_comparison,1,4
1,decimal_comparison_q6,decimal_comparison,0,5
1,decimal_comparison_q7,decimal_comparison,1,6
1,decimal_comparison_q8,decimal_comparison,1,7
1,decimal_comparison_q9,decimal_comparison,1,8
1,decimal_comparison_q10,decimal_comparison,0,9
1,decimal_addition_q1,decimal_addition,0,10
1,decimal_addition_q2,decimal_addition,1,11
1,decimal_addition_q3,decimal_addition,1,12
1,decimal_addition_q4,decimal_addition,1,13
1,decimal_addition_q5,decimal_addition,1,14
1,decimal_addition_q6,decimal_addition,1,15
1,decimal_addition_q7,decimal_addition,1,16
1,decimal_addition_q8,decimal_addition,1,17
1,decimal_addition_q9,decimal_addition,1,18
1,decimal_addition_q10,decimal_addition,1,19
1,place_value_q1,place_value,1,20
1,place_value_q2,place_value,1,21
1,place_value_q3,place_value,1,22
1,place_value_q4,place_value,0,23
1,place_value_q5,place_value,1,24
1,place_value_q6,place_value,1,25
1,place_value_q7,place_value,1,26
1,place_value_q8,place_value,1,27
1,place_value_q9,place_value,1,28
1,place_value_q10,place_value,1,29
2,decimal_comparison_q1,decimal_comparison,1,0
2,decimal_comparison_q2,decimal_comparison,0,1
2,decimal_comparison_q3,decimal_comparison,0,2
2,decimal_comparison_q4,decimal_comparison,0,3
2,decimal_comparison_q5,decimal_comparison,1,4
2,decimal_comparison_q6,decimal_comparison,1,5
2,decimal_comparison_q7,decimal_comparison,0,6
2,decimal_comparison_q8,decimal_comparison,1,7
2,decimal_comparison_q9,decimal_comparison,1,8
2,decimal_comparison_q10,decimal_comparison,1,9
2,decimal_addition_q1,decimal_addition,0,10
2,decimal_addition_q2,decimal_addition,1,11
2,decimal_addition_q3,decimal_addition,0,12
2,decimal_addition_q4,decimal_addition,0,13
2,decimal_addition_q5,decimal_addition,1,14
2,decimal_addition_q6,decimal_addition,1,15
2,decimal_addition_q7,decimal_addition,0,16
2,decimal_addition_q8,decimal_addition,1,17
2,decimal_addition_q9,decimal_addition,0,18
2,decimal_addition_q10,decimal_addition,0,19
2,place_value_q1,place_value,1,20
2,place_value_q2,place_value,1,21
2,place_value_q3,place_value,1,22
2,place_value_q4,place_value,0,23
2,place_value_q5,place_value,1,24
2,place_value_q6,place_value,1,25
2,place_value_q7,place_value,1,26
2,place_value_q8,place_value,1,27
2,place_value_q9,place_value,1,28
2,place_value_q10,place_value,1,29
3,decimal_comparison_q1,decimal_comparison,0,0
3,decimal_comparison_q2,decimal_comparison,0,1
3,decimal_comparison_q3,decimal_comparison,0,2
3,decimal_comparison_q4,decimal_comparison,1,3
3,decimal_comparison_q5,decimal_comparison,0,4
3,decimal_comparison_q6,decimal_comparison,1,5
3,decimal_comparison_q7,decimal_comparison,0,6
3,decimal_comparison_q8,decimal_comparison,1,7
3,decimal_comparison_q9,decimal_comparison,1,8
3,decimal_comparison_q10,decimal_comparison,0,9
3,decimal_addition_q1,decimal_addition,1,10
3,decimal_addition_q2,decimal_addition,1,11
3,decimal_addition_q3,decimal_addition,1,12
3,decimal_addition_q4,decimal_addition,0,13
3,decimal_addition_q5,decimal_addition,0,14
3,decimal_addition_q6,decimal_addition,0,15
3,decimal_addition_q7,decimal_addition,1,16
3,decimal_addition_q8,decimal_addition,1,17
3,decimal_addition_q9,decimal_addition,0,18
3,decimal_addition_q10,decimal_addition,0,19
3,place_value_q1,place_value,0,20
3,place_value_q2,place_value,0,21
3,place_value_q3,place_value,1,22
3,place_value_q4,place_value,1,23
3,place_value_q5,place_value,1,24
3,place_value_q6,place_value,0,25
3,place_value_q7,place_value,0,26
3,place_value_q8,place_value,1,27
3,place_value_q9,place_value,1,28
3,place_value_q10,place_value,1,29
4,decimal_comparison_q1,decimal_comparison,1,0
4,decimal_comparison_q2,decimal_comparison,1,1
4,decimal_comparison_q3,decimal_comparison,1,2
4,decimal_comparison_q4,decimal_comparison,1,3
4,decimal_comparison_q5,decimal_comparison,1,4
4,decimal_comparison_q6,decimal_comparison,1,5
4,decimal_comparison_q7,decimal_comparison,1,6
4,decimal_comparison_q8,decimal_comparison,1,7
4,decimal_comparison_q9,decimal_comparison,1,8
4,decimal_comparison_q10,decimal_comparison,1,9
4,decimal_addition_q1,decimal_addition,0,10
4,decimal_addition_q2,decimal_addition,1,11
4,decimal_addition_q3,decimal_addition,1,12
4,decimal_addition_q4,decimal_addition,1,13
4,decimal_addition_q5,decimal_addition,1,14
4,decimal_addition_q6,decimal_addition,1,15
4,decimal_addition_q7,decimal_addition,1,16
4,decimal_addition_q8,decimal_addition,1,17
4,decimal_addition_q9,decimal_addition,0,18
4,decimal_addition_q10,decimal_addition,1,19
4,place_value_q1,place_value,1,20
4,place_value_q2,place_value,0,21
4,place_value_q3,place_value,0,22
4,place_value_q4,place_value,1,23
4,place_value_q5,place_value,0,24
4,place_value_q6,place_value,1,25
4,place_value_q7,place_value,0,26
4,place_value_q8,place_value,0,27
4,place_value_q9,place_value,1,28
4,place_value_q10,place_value,1,29
5,decimal_comparison_q1,decimal_comparison,1,0
5,decimal_comparison_q2,decimal_comparison,1,1
5,decimal_comparison_q3,decimal_comparison,0,2
5,decimal_comparison_q4,decimal_comparison,1,3
5,decimal_comparison_q5,decimal_comparison,1,4
5,decimal_comparison_q6,decimal_comparison,1,5
5,decimal_comparison_q7,decimal_comparison,1,6
5,decimal_comparison_q8,decimal_comparison,1,7
5,decimal_comparison_q9,decimal_comparison,0,8
5,decimal_comparison_q10,decimal_comparison,1,9
5,decimal_addition_q1,decimal_addition,0,10
5,decimal_addition_q2,decimal_addition,1,11
5,decimal_addition_q3,decimal_addition,0,12
5,decimal_addition_q4,decimal_addition,1,13
5,decimal_addition_q5,decimal_addition,1,14
5,decimal_addition_q6,decimal_addition,0,15
5,decimal_addition_q7,decimal_addition,0,16
5,decimal_addition_q8,decimal_addition,0,17
5,decimal_addition_q9,decimal_addition,1,18
5,decimal_addition_q10,decimal_addition,1,19
5,place_value_q1,place_value,1,20
5,place_value_q2,place_value,0,21
5,place_value_q3,place_value,0,22
5,place_value_q4,place_value,0,23
5,place_value_q5,place_value,1,24
5,place_value_q6,place_value,0,25
5,place_value_q7,place_value,0,26
5,place_value_q8,place_value,0,27
5,place_value_q9,place_value,0,28
5,place_value_q10,place_value,1,29
6,decimal_comparison_q1,decimal_comparison,0,0
6,decimal_comparison_q2,decimal_comparison,0,1
6,decimal_comparison_q3,decimal_comparison,0,2
6,decimal_comparison_q4,decimal_comparison,0,3
6,decimal_comparison_q5,decimal_comparison,0,4
6,decimal_comparison_q6,decimal_comparison,0,5
6,decimal_comparison_q7,decimal_comparison,0,6
6,decimal_comparison_q8,decimal_comparison,0,7
6,decimal_comparison_q9,decimal_comparison,0,8
6,decimal_comparison_q10,decimal_comparison,1,9
6,decimal_addition_q1,decimal_addition,0,10
6,decimal_addition_q2,decimal_addition,0,11
6,decimal_addition_q3,decimal_addition,0,12
6,decimal_addition_q4,decimal_addition,0,13
6,decimal_addition_q5,decimal_addition,0,14
6,decimal_addition_q6,decimal_addition,0,15
6,decimal_addition_q7,decimal_addition,0,16
6,decimal_addition_q8,decimal_addition,0,17
6,decimal_addition_q9,decimal_addition,0,18
6,decimal_addition_q10,decimal_addition,0,19
6,place_value_q1,place_value,0,20
6,place_value_q2,place_value,0,21
6,place_value_q3,place_value,1,22
6,place_value_q4,place_value,0,23
6,place_value_q5,place_value,0,24
6,place_value_q6,place_value,0,25
6,place_value_q7,place_value,1,26
6,place_value_q8,place_value,1,27
6,place_value_q9,place_value,0,28
6,place_value_q10,place_value,0,29
7,decimal_comparison_q1,decimal_comparison,1,0
7,decimal_comparison_q2,decimal_comparison,1,1
7,decimal_comparison_q3,decimal_comparison,1,2
7,decimal_comparison_q4,decimal_comparison,0,3
7,decimal_comparison_q5,decimal_comparison,0,4
7,decimal_comparison_q6,decimal_comparison,1,5
7,decimal_comparison_q7,decimal_comparison,1,6
7,decimal_comparison_q8,decimal_comparison,1,7
7,decimal_comparison_q9,decimal_comparison,0,8
7,decimal_comparison_q10,decimal_comparison,0,9
7,decimal_addition_q1,decimal_addition,0,10
7,decimal_addition_q2,decimal_addition,0,11
7,decimal_addition_q3,decimal_addition,0,12
7,decimal_addition_q4,decimal_addition,1,13
7,decimal_addition_q5,decimal_addition,1,14
7,decimal_addition_q6,decimal_addition,0,15
7,decimal_addition_q7,decimal_addition,1,16
7,decimal_addition_q8,decimal_addition,1,17
7,decimal_addition_q9,decimal_addition,1,18
7,decimal_addition_q10,decimal_addition,0,19
7,place_value_q1,place_value,1,20
7,place_value_q2,place_value,1,21
7,place_value_q3,place_value,1,22
7,place_value_q4,place_value,0,23
7,place_value_q5,place_value,0,24
7,place_value_q6,place_value,1,25
7,place_value_q7,place_value,0,26
7,place_value_q8,place_value,1,27
7,place_value_q9,place_value,1,28
7,place_value_q10,place_value,0,29
8,decimal_comparison_q1,decimal_comparison,1,0
8,decimal_comparison_q2,decimal_comparison,0,1
8,decimal_comparison_q3,decimal_comparison,1,2
8,decimal_comparison_q4,decimal_comparison,1,3
8,decimal_comparison_q5,decimal_comparison,1,4
8,decimal_comparison_q6,decimal_comparison,1,5
8,decimal_comparison_q7,decimal_comparison,1,6
8,decimal_comparison_q8,decimal_comparison,1,7
8,decimal_comparison_q9,decimal_comparison,0,8
8,decimal_comparison_q10,decimal_comparison,1,9
8,decimal_addition_q1,decimal_addition,0,10
8,decimal_addition_q2,decimal_addition,1,11
8,decimal_addition_q3,decimal_addition,1,12
8,decimal_addition_q4,decimal_addition,1,13
8,decimal_addition_q5,decimal_addition,1,14
8,decimal_addition_q6,decimal_addition,1,15
8,decimal_addition_q7,decimal_addition,1,16
8,decimal_addition_q8,decimal_addition,1,17
8,decimal_addition_q9,decimal_addition,1,18
8,decimal_addition_q10,decimal_addition,1,19
8,place_value_q1,place_value,1,20
8,place_value_q2,place_value,1,21
8,place_value_q3,place_value,0,22
8,place_value_q4,place_value,0,23
8,place_value_q5,place_value,0,24
8,place_value_q6,place_value,1,25
8,place_value_q7,place_value,1,26
8,place_value_q8,place_value,0,27
8,place_value_q9,place_value,1,28
8,place_value_q10,place_value,0,29
9,decimal_comparison_q1,decimal_comparison,1,0
9,decimal_comparison_q2,decimal_comparison,0,1
9,decimal_comparison_q3,decimal_comparison,0,2
9,decimal_comparison_q4,decimal_comparison,0,3
9,decimal_comparison_q5,decimal_comparison,1,4
9,decimal_comparison_q6,decimal_comparison,1,5
9,decimal_comparison_q7,decimal_comparison,0,6
9,decimal_comparison_q8,decimal_comparison,0,7
9,decimal_comparison_q9,decimal_comparison,1,8
9,decimal_comparison_q10,decimal_comparison,1,9
9,decimal_addition_q1,decimal_addition,0,10
9,decimal_addition_q2,decimal_addition,0,11
9,decimal_addition_q3,decimal_addition,1,12
9,decimal_addition_q4,decimal_addition,1,13
9,decimal_addition_q5,decimal_addition,1,14
9,decimal_addition_q6,decimal_addition,1,15
9,decimal_addition_q7,decimal_addition,0,16
9,decimal_addition_q8,decimal_addition,0,17
9,decimal_addition_q9,decimal_addition,1,18
9,decimal_addition_q10,decimal_addition,1,19
9,place_value_q1,place_value,1,20
9,place_value_q2,place_value,1,21
9,place_value_q3,place_value,0,22
9,place_value_q4,place_value,0,23
9,place_value_q5,place_value,1,24
9,place_value_q6,place_value,1,25
9,place_value_q7,place_value,1,26
9,place_value_q8,place_value,1,27
9,place_value_q9,place_value,1,28
9,place_value_q10,place_value,0,29
10,decimal_comparison_q1,decimal_comparison,0,0
10,decimal_comparison_q2,decimal_comparison,0,1
10,decimal_comparison_q3,decimal_comparison,0,2
10,decimal_comparison_q4,decimal_comparison,0,3
10,decimal_comparison_q5,decimal_comparison,0,4
10,decimal_comparison_q6,decimal_comparison,0,5
10,decimal_comparison_q7,decimal_comparison,0,6
10,decimal_comparison_q8,decimal_comparison,0,7
10,decimal_comparison_q9,decimal_comparison,0,8
10,decimal_comparison_q10,decimal_comparison,0,9
10,decimal_addition_q1,decimal_addition,1,10
10,decimal_addition_q2,decimal_addition,0,11
10,decimal_addition_q3,decimal_addition,0,12
10,decimal_addition_q4,decimal_addition,0,13
10,decimal_addition_q5,decimal_addition,0,14
10,decimal_addition_q6,decimal_addition,0,15
10,decimal_addition_q7,decimal_addition,0,16
10,decimal_addition_q8,decimal_addition,0,17
10,decimal_addition_q9,decimal_addition,0,18
10,decimal_addition_q10,decimal_addition,0,19
10,place_value_q1,place_value,0,20
10,place_value_q2,place_value,0,21
10,place_value_q3,place_value,0,22
10,place_value_q4,place_value,1,23
10,place_value_q5,place_value,0,24
10,place_value_q6,place_value,0,25
10,place_value_q7,place_value,1,26
10,place_value_q8,place_value,0,27
10,place_value_q9,place_value,0,28
10,place_value_q10,place_value,0,29
11,decimal_comparison_q1,decimal_comparison,1,0
11,decimal_comparison_q2,decimal_comparison,1,1
11,decimal_comparison_q3,decimal_comparison,1,2
11,decimal_comparison_q4,decimal_comparison,1,3
11,decimal_comparison_q5,decimal_comparison,1,4
11,decimal_comparison_q6,decimal_comparison,1,5
11,decimal_comparison_q7,decimal_comparison,1,6
11,decimal_comparison_q8,decimal_comparison,1,7
11,decimal_comparison_q9,decimal_comparison,0,8
11,decimal_comparison_q10,decimal_comparison,1,9
11,decimal_addition_q1,decimal_addition,1,10
11,decimal_addition_q2,decimal_addition,1,11
11,decimal_addition_q3,decimal_addition,1,12
11,decimal_addition_q4,decimal_addition,1,13
11,decimal_addition_q5,decimal_addition,1,14
11,decimal_addition_q6,decimal_addition,0,15
11,decimal_addition_q7,decimal_addition,1,16
11,decimal_addition_q8,decimal_addition,1,17
11,decimal_addition_q9,decimal_addition,1,18
11,decimal_addition_q10,decimal_addition,1,19
11,place_value_q1,place_value,0,20
11,place_value_q2,place_value,0,21
11,place_value_q3,place_value,1,22
11,place_value_q4,place_value,1,23
11,place_value_q5,place_value,1,24
11,place_value_q6,place_value,1,25
11,place_value_q7,place_value,1,26
11,place_value_q8,place_value,1,27
11,place_value_q9,place_value,1,28
11,place_value_q10,place_value,1,29
12,decimal_comparison_q1,decimal_comparison,1,0
12,decimal_comparison_q2,decimal_comparison,1,1
12,decimal_comparison_q3,decimal_comparison,1,2
12,decimal_comparison_q4,decimal_comparison,1,3
12,decimal_comparison_q5,decimal_comparison,1,4
12,decimal_comparison_q6,decimal_comparison,0,5
12,decimal_comparison_q7,decimal_comparison,1,6
12,decimal_comparison_q8,decimal_comparison,1,7
12,decimal_comparison_q9,decimal_comparison,1,8
12,decimal_comparison_q10,decimal_comparison,1,9
12,decimal_addition_q1,decimal_addition,1,10
12,decimal_addition_q2,decimal_addition,1,11
12,decimal_addition_q3,decimal_addition,0,12
12,decimal_addition_q4,decimal_addition,1,13
12,decimal_addition_q5,decimal_addition,1,14
12,decimal_addition_q6,decimal_addition,1,15
12,decimal_addition_q7,decimal_addition,1,16
12,decimal_addition_q8,decimal_addition,1,17
12,decimal_addition_q9,decimal_addition,0,18
12,decimal_addition_q10,decimal_addition,1,19
12,place_value_q1,place_value,0,20
12,place_value_q2,place_value,0,21
12,place_value_q3,place_value,1,22
12,place_value_q4,place_value,1,23
12,place_value_q5,place_value,1,24
12,place_value_q6,place_value,1,25
12,place_value_q7,place_value,1,26
12,place_value_q8,place_value,1,27
12,place_value_q9,place_value,1,28
12,place_value_q10,place_value,1,29
13,decimal_comparison_q1,decimal_comparison,0,0
13,decimal_comparison_q2,decimal_comparison,1,1
13,decimal_comparison_q3,decimal_comparison,1,2
13,decimal_comparison_q4,decimal_comparison,1,3
13,decimal_comparison_q5,decimal_comparison,1,4
13,decimal_comparison_q6,decimal_comparison,1,5
13,decimal_comparison_q7,decimal_comparison,0,6
13,decimal_comparison_q8,decimal_comparison,0,7
13,decimal_comparison_q9,decimal_comparison,0,8
13,decimal_comparison_q10,decimal_comparison,0,9
13,decimal_addition_q1,decimal_addition,1,10
13,decimal_addition_q2,decimal_addition,0,11
13,decimal_addition_q3,decimal_addition,0,12
13,decimal_addition_q4,decimal_addition,1,13
13,decimal_addition_q5,decimal_addition,0,14
13,decimal_addition_q6,decimal_addition,1,15
13,decimal_addition_q7,decimal_addition,1,16
13,decimal_addition_q8,decimal_addition,0,17
13,decimal_addition_q9,decimal_addition,1,18
13,decimal_addition_q10,decimal_addition,1,19
13,place_value_q1,place_value,0,20
13,place_value_q2,place_value,1,21
13,place_value_q3,place_value,0,22
13,place_value_q4,place_value,1,23
13,place_value_q5,place_value,0,24
13,place_value_q6,place_value,1,25
13,place_value_q7,place_value,0,26
13,place_value_q8,place_value,0,27
13,place_value_q9,place_value,1,28
13,place_value_q10,place_value,0,29
14,decimal_comparison_q1,decimal_comparison,1,0
14,decimal_comparison_q2,decimal_comparison,0,1
14,decimal_comparison_q3,decimal_comparison,0,2
14,decimal_comparison_q4,decimal_comparison,1,3
14,decimal_comparison_q5,decimal_comparison,1,4
14,decimal_comparison_q6,decimal_comparison,1,5
14,decimal_comparison_q7,decimal_comparison,1,6
14,decimal_comparison_q8,decimal_comparison,1,7
14,decimal_comparison_q9,decimal_comparison,1,8
14,decimal_comparison_q10,decimal_comparison,1,9
14,decimal_addition_q1,decimal_addition,0,10
14,decimal_addition_q2,decimal_addition,0,11
14,decimal_addition_q3,decimal_addition,1,12
14,decimal_addition_q4,decimal_addition,1,13
14,decimal_addition_q5,decimal_addition,1,14
14,decimal_addition_q6,decimal_addition,1,15
14,decimal_addition_q7,decimal_addition,1,16
14,decimal_addition_q8,decimal_addition,0,17
14,decimal_addition_q9,decimal_addition,1,18
14,decimal_addition_q10,decimal_addition,1,19
14,place_value_q1,place_value,1,20
14,place_value_q2,place_value,0,21
14,place_value_q3,place_value,1,22
14,place_value_q4,place_value,1,23
14,place_value_q5,place_value,1,24
14,place_value_q6,place_value,1,25
14,place_value_q7,place_value,1,26
14,place_value_q8,place_value,0,27
14,place_value_q9,place_value,1,28
14,place_value_q10,place_value,1,29
15,decimal_comparison_q1,decimal_comparison,1,0
15,decimal_comparison_q2,decimal_comparison,1,1
15,decimal_comparison_q3,decimal_comparison,1,2
15,decimal_comparison_q4,decimal_comparison,1,3
15,decimal_comparison_q5,decimal_comparison,0,4
15,decimal_comparison_q6,decimal_comparison,0,5
15,decimal_comparison_q7,decimal_comparison,1,6
15,decimal_comparison_q8,decimal_comparison,0,7
15,decimal_comparison_q9,decimal_comparison,0,8
15,decimal_comparison_q10,decimal_comparison,1,9
15,decimal_addition_q1,decimal_addition,0,10
15,decimal_addition_q2,decimal_addition,0,11
15,decimal_addition_q3,decimal_addition,0,12
15,decimal_addition_q4,decimal_addition,0,13
15,decimal_addition_q5,decimal_addition,0,14
15,decimal_addition_q6,decimal_addition,0,15
15,decimal_addition_q7,decimal_addition,0,16
15,decimal_addition_q8,decimal_addition,0,17
15,decimal_addition_q9,decimal_addition,1,18
15,decimal_addition_q10,decimal_addition,0,19
15,place_value_q1,place_value,1,20
15,place_value_q2,place_value,0,21
15,place_value_q3,place_value,0,22
15,place_value_q4,place_value,1,23
15,place_value_q5,place_value,0,24
15,place_value_q6,place_value,1,25
15,place_value_q7,place_value,0,26
15,place_value_q8,place_value,1,27
15,place_value_q9,place_value,0,28
15,place_value_q10,place_value,1,29
16,decimal_comparison_q1,decimal_comparison,0,0
16,decimal_comparison_q2,decimal_comparison,1,1
16,decimal_comparison_q3,decimal_comparison,0,2
16,decimal_comparison_q4,decimal_comparison,0,3
16,decimal_comparison_q5,decimal_comparison,1,4
16,decimal_comparison_q6,decimal_comparison,0,5
16,decimal_comparison_q7,decimal_comparison,0,6
16,decimal_comparison_q8,decimal_comparison,0,7
16,decimal_comparison_q9,decimal_comparison,0,8
16,decimal_comparison_q10,decimal_comparison,0,9
16,decimal_addition_q1,decimal_addition,0,10
16,decimal_addition_q2,decimal_addition,1,11
16,decimal_addition_q3,decimal_addition,0,12
16,decimal_addition_q4,decimal_addition,0,13
16,decimal_addition_q5,decimal_addition,1,14
16,decimal_addition_q6,decimal_addition,1,15
16,decimal_addition_q7,decimal_addition,0,16
16,decimal_addition_q8,decimal_addition,0,17
16,decimal_addition_q9,decimal_addition,0,18
16,decimal_addition_q10,decimal_addition,0,19
16,place_value_q1,place_value,0,20
16,place_value_q2,place_value,0,21
16,place_value_q3,place_value,0,22
16,place_value_q4,place_value,0,23
16,place_value_q5,place_value,1,24
16,place_value_q6,place_value,1,25
16,place_value_q7,place_value,0,26
16,place_value_q8,place_value,0,27
16,place_value_q9,place_value,0,28
16,place_value_q10,place_value,1,29
17,decimal_comparison_q1,decimal_comparison,1,0
17,decimal_comparison_q2,decimal_comparison,1,1
17,decimal_comparison_q3,decimal_comparison,1,2
17,decimal_comparison_q4,decimal_comparison,1,3
17,decimal_comparison_q5,decimal_comparison,0,4
17,decimal_comparison_q6,decimal_comparison,0,5
17,decimal_comparison_q7,decimal_comparison,1,6
17,decimal_comparison_q8,decimal_comparison,1,7
17,decimal_comparison_q9,decimal_comparison,0,8
17,decimal_comparison_q10,decimal_comparison,0,9
17,decimal_addition_q1,decimal_addition,0,10
17,decimal_addition_q2,decimal_addition,1,11
17,decimal_addition_q3,decimal_addition,1,12
17,decimal_addition_q4,decimal_addition,0,13
17,decimal_addition_q5,decimal_addition,0,14
17,decimal_addition_q6,decimal_addition,0,15
17,decimal_addition_q7,decimal_addition,1,16
17,decimal_addition_q8,decimal_addition,1,17
17,decimal_addition_q9,decimal_addition,1,18
17,decimal_addition_q10,decimal_addition,0,19
17,place_value_q1,place_value,0,20
17,place_value_q2,place_value,0,21
17,place_value_q3,place_value,0,22
17,place_value_q4,place_value,1,23
17,place_value_q5,place_value,1,24
17,place_value_q6,place_value,1,25
17,place_value_q7,place_value,1,26
17,place_value_q8,place_value,0,27
17,place_value_q9,place_value,1,28
17,place_value_q10,place_value,1,29
18,decimal_comparison_q1,decimal_comparison,0,0
18,decimal_comparison_q2,decimal_comparison,1,1
18,decimal_comparison_q3,decimal_comparison,1,2
18,decimal_comparison_q4,decimal_comparison,1,3
18,decimal_comparison_q5,decimal_comparison,0,4
18,decimal_comparison_q6,decimal_comparison,1,5
18,decimal_comparison_q7,decimal_comparison,1,6
18,decimal_comparison_q8,decimal_comparison,1,7
18,decimal_comparison_q9,decimal_comparison,1,8
18,decimal_comparison_q10,decimal_comparison,1,9
18,decimal_addition_q1,decimal_addition,1,10
18,decimal_addition_q2,decimal_addition,0,11
18,decimal_addition_q3,decimal_addition,1,12
18,decimal_addition_q4,decimal_addition,0,13
18,decimal_addition_q5,decimal_addition,1,14
18,decimal_addition_q6,decimal_addition,0,15
18,decimal_addition_q7,decimal_addition,1,16
18,decimal_addition_q8,decimal_addition,1,17
18,decimal_addition_q9,decimal_addition,0,18
18,decimal_addition_q10,decimal_addition,1,19
18,place_value_q1,place_value,1,20
18,place_value_q2,place_value,1,21
18,place_value_q3,place_value,0,22
18,place_value_q4,place_value,1,23
18,place_value_q5,place_value,0,24
18,place_value_q6,place_value,1,25
18,place_value_q7,place_value,1,26
18,place_value_q8,place_value,1,27
18,place_value_q9,place_value,1,28
18,place_value_q10,place_value,1,29
19,decimal_comparison_q1,decimal_comparison,1,0
19,decimal_comparison_q2,decimal_comparison,0,1
19,decimal_comparison_q3,decimal_comparison,0,2
19,decimal_comparison_q4,decimal_comparison,1,3
19,decimal_comparison_q5,decimal_comparison,0,4
19,decimal_comparison_q6,decimal_comparison,0,5
19,decimal_comparison_q7,decimal_comparison,1,6
19,decimal_comparison_q8,decimal_comparison,1,7
19,decimal_comparison_q9,decimal_comparison,0,8
19,decimal_comparison_q10,decimal_comparison,1,9
19,decimal_addition_q1,decimal_addition,0,10
19,decimal_addition_q2,decimal_addition,0,11
19,decimal_addition_q3,decimal_addition,0,12
19,decimal_addition_q4,decimal_addition,1,13
19,decimal_addition_q5,decimal_addition,0,14
19,decimal_addition_q6,decimal_addition,0,15
19,decimal_addition_q7,decimal_addition,0,16
19,decimal_addition_q8,decimal_addition,0,17
19,decimal_addition_q9,decimal_addition,0,18
19,decimal_addition_q10,decimal_addition,0,19
19,place_value_q1,place_value,0,20
19,place_value_q2,place_value,0,21
19,place_value_q3,place_value,0,22
19,place_value_q4,place_value,0,23
19,place_value_q5,place_value,0,24
19,place_value_q6,place_value,0,25
19,place_value_q7,place_value,1,26
19,place_value_q8,place_value,0,27
19,place_value_q9,place_value,0,28
19,place_value_q10,place_value,0,29
20,decimal_comparison_q1,decimal_comparison,0,0
20,decimal_comparison_q2,decimal_comparison,0,1
20,decimal_comparison_q3,decimal_comparison,0,2
20,decimal_comparison_q4,decimal_comparison,0,3
20,decimal_comparison_q5,decimal_comparison,0,4
20,decimal_comparison_q6,decimal_comparison,0,5
20,decimal_comparison_q7,decimal_comparison,0,6
20,decimal_comparison_q8,decimal_comparison,0,7
20,decimal_comparison_q9,decimal_comparison,0,8
20,decimal_comparison_q10,decimal_comparison,0,9
20,decimal_addition_q1,decimal_addition,0,10
20,decimal_addition_q2,decimal_addition,0,11
20,decimal_addition_q3,decimal_addition,0,12
20,decimal_addition_q4,decimal_addition,0,13
20,decimal_addition_q5,decimal_addition,0,14
20,decimal_addition_q6,decimal_addition,0,15
20,decimal_addition_q7,decimal_addition,1,16
20,decimal_addition_q8,decimal_addition,1,17
20,decimal_addition_q9,decimal_addition,0,18
20,decimal_addition_q10,decimal_addition,0,19
20,place_value_q1,place_value,0,20
20,place_value_q2,place_value,0,21
20,place_value_q3,place_value,0,22
20,place_value_q4,place_value,0,23
20,place_value_q5,place_value,0,24
20,place_value_q6,place_value,0,25
20,place_value_q7,place_value,0,26
20,place_value_q8,place_value,0,27
20,place_value_q9,place_value,0,28
20,place_value_q10,place_value,0,29
21,decimal_comparison_q1,decimal_comparison,1,0
21,decimal_comparison_q2,decimal_comparison,1,1
21,decimal_comparison_q3,decimal_comparison,1,2
21,decimal_comparison_q4,decimal_comparison,1,3
21,decimal_comparison_q5,decimal_comparison,1,4
21,decimal_comparison_q6,decimal_comparison,1,5
21,decimal_comparison_q7,decimal_comparison,1,6
21,decimal_comparison_q8,decimal_comparison,1,7
21,decimal_comparison_q9,decimal_comparison,1,8
21,decimal_comparison_q10,decimal_comparison,1,9
21,decimal_addition_q1,decimal_addition,1,10
21,decimal_addition_q2,decimal_addition,1,11
21,decimal_addition_q3,decimal_addition,1,12
21,decimal_addition_q4,decimal_addition,0,13
21,decimal_addition_q5,decimal_addition,1,14
21,decimal_addition_q6,decimal_addition,1,15
21,decimal_addition_q7,decimal_addition,0,16
21,decimal_addition_q8,decimal_addition,1,17
21,decimal_addition_q9,decimal_addition,1,18
21,decimal_addition_q10,decimal_addition,1,19
21,place_value_q1,place_value,1,20
21,place_value_q2,place_value,0,21
21,place_value_q3,place_value,1,22
21,place_value_q4,place_value,1,23
21,place_value_q5,place_value,1,24
21,place_value_q6,place_value,1,25
21,place_value_q7,place_value,1,26
21,place_value_q8,place_value,1,27
21,place_value_q9,place_value,1,28
21,place_value_q10,place_value,0,29
22,decimal_comparison_q1,decimal_comparison,1,0
22,decimal_comparison_q2,decimal_comparison,1,1
22,decimal_comparison_q3,decimal_comparison,1,2
22,decimal_comparison_q4,decimal_comparison,1,3
22,decimal_comparison_q5,decimal_comparison,1,4
22,decimal_comparison_q6,decimal_comparison,1,5
22,decimal_comparison_q7,decimal_comparison,1,6
22,decimal_comparison_q8,decimal_comparison,1,7
22,decimal_comparison_q9,decimal_comparison,1,8
22,decimal_comparison_q10,decimal_comparison,0,9
22,decimal_addition_q1,decimal_addition,1,10
22,decimal_addition_q2,decimal_addition,1,11
22,decimal_addition_q3,decimal_addition,1,12
22,decimal_addition_q4,decimal_addition,0,13
22,decimal_addition_q5,decimal_addition,1,14
22,decimal_addition_q6,decimal_addition,1,15
22,decimal_addition_q7,decimal_addition,0,16
22,decimal_addition_q8,decimal_addition,0,17
22,decimal_addition_q9,decimal_addition,0,18
22,decimal_addition_q10,decimal_addition,1,19
22,place_value_q1,place_value,1,20
22,place_value_q2,place_value,0,21
22,place_value_q3,place_value,0,22
22,place_value_q4,place_value,1,23
22,place_value_q5,place_value,1,24
22,place_value_q6,place_value,1,25
22,place_value_q7,place_value,0,26
22,place_value_q8,place_value,1,27
22,place_value_q9,place_value,1,28
22,place_value_q10,place_value,1,29
23,decimal_comparison_q1,decimal_comparison,0,0
23,decimal_comparison_q2,decimal_comparison,0,1
23,decimal_comparison_q3,decimal_comparison,0,2
23,decimal_comparison_q4,decimal_comparison,0,3
23,decimal_comparison_q5,decimal_comparison,0,4
23,decimal_comparison_q6,decimal_comparison,0,5
23,decimal_comparison_q7,decimal_comparison,0,6
23,decimal_comparison_q8,decimal_comparison,0,7
23,decimal_comparison_q9,decimal_comparison,0,8
23,decimal_comparison_q10,decimal_comparison,0,9
23,decimal_addition_q1,decimal_addition,0,10
23,decimal_addition_q2,decimal_addition,1,11
23,decimal_addition_q3,decimal_addition,0,12
23,decimal_addition_q4,decimal_addition,0,13
23,decimal_addition_q5,decimal_addition,0,14
23,decimal_addition_q6,decimal_addition,0,15
23,decimal_addition_q7,decimal_addition,0,16
23,decimal_addition_q8,decimal_addition,0,17
23,decimal_addition_q9,decimal_addition,0,18
23,decimal_addition_q10,decimal_addition,0,19
23,place_value_q1,place_value,0,20
23,place_value_q2,place_value,1,21
23,place_value_q3,place_value,1,22
23,place_value_q4,place_value,1,23
23,place_value_q5,place_value,0,24
23,place_value_q6,place_value,0,25
23,place_value_q7,place_value,1,26
23,place_value_q8,place_value,0,27
23,place_value_q9,place_value,0,28
23,place_value_q10,place_value,0,29
24,decimal_comparison_q1,decimal_comparison,0,0
24,decimal_comparison_q2,decimal_comparison,0,1
24,decimal_comparison_q3,decimal_comparison,1,2
24,decimal_comparison_q4,decimal_comparison,0,3
24,decimal_comparison_q5,decimal_comparison,1,4
24,decimal_comparison_q6,decimal_comparison,1,5
24,decimal_comparison_q7,decimal_comparison,1,6
24,decimal_comparison_q8,decimal_comparison,0,7
24,decimal_comparison_q9,decimal_comparison,0,8
24,decimal_comparison_q10,decimal_comparison,1,9
24,decimal_addition_q1,decimal_addition,1,10
24,decimal_addition_q2,decimal_addition,0,11
24,decimal_addition_q3,decimal_addition,1,12
24,decimal_addition_q4,decimal_addition,0,13
24,decimal_addition_q5,decimal_addition,1,14
24,decimal_addition_q6,decimal_addition,1,15
24,decimal_addition_q7,decimal_addition,1,16
24,decimal_addition_q8,decimal_addition,1,17
24,decimal_addition_q9,decimal_addition,0,18
24,decimal_addition_q10,decimal_addition,1,19
24,place_value_q1,place_value,1,20
24,place_value_q2,place_value,0,21
24,place_value_q3,place_value,1,22
24,place_value_q4,place_value,1,23
24,place_value_q5,place_value,0,24
24,place_value_q6,place_value,0,25
24,place_value_q7,place_value,1,26
24,place_value_q8,place_value,0,27
24,place_value_q9,place_value,0,28
24,place_value_q10,place_value,1,29
25,decimal_comparison_q1,decimal_comparison,1,0
25,decimal_comparison_q2,decimal_comparison,1,1
25,decimal_comparison_q3,decimal_comparison,0,2
25,decimal_comparison_q4,decimal_comparison,0,3
25,decimal_comparison_q5,decimal_comparison,1,4
25,decimal_comparison_q6,decimal_comparison,1,5
25,decimal_comparison_q7,decimal_comparison,1,6
25,decimal_comparison_q8,decimal_comparison,0,7
25,decimal_comparison_q9,decimal_comparison,1,8
25,decimal_comparison_q10,decimal_comparison,1,9
25,decimal_addition_q1,decimal_addition,0,10
25,decimal_addition_q2,decimal_addition,0,11
25,decimal_addition_q3,decimal_addition,1,12
25,decimal_addition_q4,decimal_addition,0,13
25,decimal_addition_q5,decimal_addition,1,14
25,decimal_addition_q6,decimal_addition,0,15
25,decimal_addition_q7,decimal_addition,1,16
25,decimal_addition_q8,decimal_addition,1,17
25,decimal_addition_q9,decimal_addition,0,18
25,decimal_addition_q10,decimal_addition,1,19
25,place_value_q1,place_value,1,20
25,place_value_q2,place_value,0,21
25,place_value_q3,place_value,0,22
25,place_value_q4,place_value,0,23
25,place_value_q5,place_value,0,24
25,place_value_q6,place_value,1,25
25,place_value_q7,place_value,1,26
25,place_value_q8,place_value,1,27
25,place_value_q9,place_value,1,28
25,place_value_q10,place_value,0,29
26,decimal_comparison_q1,decimal_comparison,1,0
26,decimal_comparison_q2,decimal_comparison,0,1
26,decimal_comparison_q3,decimal_comparison,0,2
26,decimal_comparison_q4,decimal_comparison,1,3
26,decimal_comparison_q5,decimal_comparison,0,4
26,decimal_comparison_q6,decimal_comparison,0,5
26,decimal_comparison_q7,decimal_comparison,1,6
26,decimal_comparison_q8,decimal_comparison,0,7
26,decimal_comparison_q9,decimal_comparison,1,8
26,decimal_comparison_q10,decimal_comparison,0,9
26,decimal_addition_q1,decimal_addition,1,10
26,decimal_addition_q2,decimal_addition,0,11
26,decimal_addition_q3,decimal_addition,1,12
26,decimal_addition_q4,decimal_addition,1,13
26,decimal_addition_q5,decimal_addition,1,14
26,decimal_addition_q6,decimal_addition,0,15
26,decimal_addition_q7,decimal_addition,1,16
26,decimal_addition_q8,decimal_addition,1,17
26,decimal_addition_q9,decimal_addition,0,18
26,decimal_addition_q10,decimal_addition,0,19
26,place_value_q1,place_value,1,20
26,place_value_q2,place_value,1,21
26,place_value_q3,place_value,0,22
26,place_value_q4,place_value,0,23
26,place_value_q5,place_value,1,24
26,place_value_q6,place_value,1,25
26,place_value_q7,place_value,0,26
26,place_value_q8,place_value,1,27
26,place_value_q9,place_value,1,28
26,place_value_q10,place_value,0,29
27,decimal_comparison_q1,decimal_comparison,0,0
27,decimal_comparison_q2,decimal_comparison,0,1
27,decimal_comparison_q3,decimal_comparison,1,2
27,decimal_comparison_q4,decimal_comparison,0,3
27,decimal_comparison_q5,decimal_comparison,0,4
27,decimal_comparison_q6,decimal_comparison,0,5
27,decimal_comparison_q7,decimal_comparison,0,6
27,decimal_comparison_q8,decimal_comparison,1,7
27,decimal_comparison_q9,decimal_comparison,0,8
27,decimal_comparison_q10,decimal_comparison,0,9
27,decimal_addition_q1,decimal_addition,0,10
27,decimal_addition_q2,decimal_addition,0,11
27,decimal_addition_q3,decimal_addition,0,12
27,decimal_addition_q4,decimal_addition,0,13
27,decimal_addition_q5,decimal_addition,0,14
27,decimal_addition_q6,decimal_addition,0,15
27,decimal_addition_q7,decimal_addition,0,16
27,decimal_addition_q8,decimal_addition,0,17
27,decimal_addition_q9,decimal_addition,1,18
27,decimal_addition_q10,decimal_addition,0,19
27,place_value_q1,place_value,0,20
27,place_value_q2,place_value,0,21
27,place_value_q3,place_value,0,22
27,place_value_q4,place_value,0,23
27,place_value_q5,place_value,0,24
27,place_value_q6,place_value,1,25
27,place_value_q7,place_value,0,26
27,place_value_q8,place_value,0,27
27,place_value_q9,place_value,0,28
27,place_value_q10,place_value,1,29
28,decimal_comparison_q1,decimal_comparison,1,0
28,decimal_comparison_q2,decimal_comparison,1,1
28,decimal_comparison_q3,decimal_comparison,1,2
28,decimal_comparison_q4,decimal_comparison,1,3
28,decimal_comparison_q5,decimal_comparison,1,4
28,decimal_comparison_q6,decimal_comparison,0,5
28,decimal_comparison_q7,decimal_comparison,1,6
28,decimal_comparison_q8,decimal_comparison,1,7
28,decimal_comparison_q9,decimal_comparison,1,8
28,decimal_comparison_q10,decimal_comparison,1,9
28,decimal_addition_q1,decimal_addition,1,10
28,decimal_addition_q2,decimal_addition,1,11
28,decimal_addition_q3,decimal_addition,1,12
28,decimal_addition_q4,decimal_addition,1,13
28,decimal_addition_q5,decimal_addition,1,14
28,decimal_addition_q6,decimal_addition,1,15
28,decimal_addition_q7,decimal_addition,1,16
28,decimal_addition_q8,decimal_addition,1,17
28,decimal_addition_q9,decimal_addition,1,18
28,decimal_addition_q10,decimal_addition,1,19
28,place_value_q1,place_value,0,20
28,place_value_q2,place_value,0,21
28,place_value_q3,place_value,1,22
28,place_value_q4,place_value,1,23
28,place_value_q5,place_value,1,24
28,place_value_q6,place_value,1,25
28,place_value_q7,place_value,1,26
28,place_value_q8,place_value,1,27
28,place_value_q9,place_value,1,28
28,place_value_q10,place_value,1,29
29,decimal_comparison_q1,decimal_comparison,1,0
29,decimal_comparison_q2,decimal_comparison,1,1
29,decimal_comparison_q3,decimal_comparison,0,2
29,decimal_comparison_q4,decimal_comparison,1,3
29,decimal_comparison_q5,decimal_comparison,1,4
29,decimal_comparison_q6,decimal_comparison,1,5
29,decimal_comparison_q7,decimal_comparison,1,6
29,decimal_comparison_q8,decimal_comparison,1,7
29,decimal_comparison_q9,decimal_comparison,1,8
29,decimal_comparison_q10,decimal_comparison,0,9
29,decimal_addition_q1,decimal_addition,0,10
29,decimal_addition_q2,decimal_addition,1,11
29,decimal_addition_q3,decimal_addition,1,12
29,decimal_addition_q4,decimal_addition,1,13
29,decimal_addition_q5,decimal_addition,1,14
29,decimal_addition_q6,decimal_addition,0,15
29,decimal_addition_q7,decimal_addition,1,16
29,decimal_addition_q8,decimal_addition,1,17
29,decimal_addition_q9,decimal_addition,1,18
29,decimal_addition_q10,decimal_addition,1,19
29,place_value_q1,place_value,1,20
29,place_value_q2,place_value,1,21
29,place_value_q3,place_value,1,22
29,place_value_q4,place_value,0,23
29,place_value_q5,place_value,0,24
29,place_value_q6,place_value,1,25
29,place_value_q7,place_value,1,26
29,place_value_q8,place_value,1,27
29,place_value_q9,place_value,1,28
29,place_value_q10,place_value,1,29
30,decimal_comparison_q1,decimal_comparison,0,0
30,decimal_comparison_q2,decimal_comparison,0,1
30,decimal_comparison_q3,decimal_comparison,0,2
30,decimal_comparison_q4,decimal_comparison,0,3
30,decimal_comparison_q5,decimal_comparison,0,4
30,decimal_comparison_q6,decimal_comparison,1,5
30,decimal_comparison_q7,decimal_comparison,1,6
30,decimal_comparison_q8,decimal_comparison,0,7
30,decimal_comparison_q9,decimal_comparison,1,8
30,decimal_comparison_q10,decimal_comparison,0,9
30,decimal_addition_q1,decimal_addition,1,10
30,decimal_addition_q2,decimal_addition,1,11
30,decimal_addition_q3,decimal_addition,0,12
30,decimal_addition_q4,decimal_addition,0,13
30,decimal_addition_q5,decimal_addition,0,14
30,decimal_addition_q6,decimal_addition,0,15
30,decimal_addition_q7,decimal_addition,0,16
30,decimal_addition_q8,decimal_addition,0,17
30,decimal_addition_q9,decimal_addition,0,18
30,decimal_addition_q10,decimal_addition,1,19
30,place_value_q1,place_value,1,20
30,place_value_q2,place_value,0,21
30,place_value_q3,place_value,0,22
30,place_value_q4,place_value,0,23
30,place_value_q5,place_value,0,24
30,place_value_q6,place_value,1,25
30,place_value_q7,place_value,0,26
30,place_value_q8,place_value,0,27
30,place_value_q9,place_value,0,28
30,place_value_q10,place_value,0,29
31,decimal_comparison_q1,decimal_comparison,1,0
31,decimal_comparison_q2,decimal_comparison,1,1
31,decimal_comparison_q3,decimal_comparison,1,2
31,decimal_comparison_q4,decimal_comparison,0,3
31,decimal_comparison_q5,decimal_comparison,0,4
31,decimal_comparison_q6,decimal_comparison,1,5
31,decimal_comparison_q7,decimal_comparison,1,6
31,decimal_comparison_q8,decimal_comparison,1,7
31,decimal_comparison_q9,decimal_comparison,1,8
31,decimal_comparison_q10,decimal_comparison,0,9
31,decimal_addition_q1,decimal_addition,1,10
31,decimal_addition_q2,decimal_addition,1,11
31,decimal_addition_q3,decimal_addition,1,12
31,decimal_addition_q4,decimal_addition,1,13
31,decimal_addition_q5,decimal_addition,1,14
31,decimal_addition_q6,decimal_addition,1,15
31,decimal_addition_q7,decimal_addition,1,16
31,decimal_addition_q8,decimal_addition,1,17
31,decimal_addition_q9,decimal_addition,1,18
31,decimal_addition_q10,decimal_addition,1,19
31,place_value_q1,place_value,1,20
31,place_value_q2,place_value,1,21
31,place_value_q3,place_value,1,22
31,place_value_q4,place_value,1,23
31,place_value_q5,place_value,1,24
31,place_value_q6,place_value,1,25
31,place_value_q7,place_value,1,26
31,place_value_q8,place_value,0,27
31,place_value_q9,place_value,1,28
31,place_value_q10,place_value,1,29
32,decimal_comparison_q1,decimal_comparison,1,0
32,decimal_comparison_q2,decimal_comparison,1,1
32,decimal_comparison_q3,decimal_comparison,1,2
32,decimal_comparison_q4,decimal_comparison,1,3
32,decimal_comparison_q5,decimal_comparison,1,4
32,decimal_comparison_q6,decimal_comparison,1,5
32,decimal_comparison_q7,decimal_comparison,1,6
32,decimal_comparison_q8,decimal_comparison,0,7
32,decimal_comparison_q9,decimal_comparison,1,8
32,decimal_comparison_q10,decimal_comparison,1,9
32,decimal_addition_q1,decimal_addition,0,10
32,decimal_addition_q2,decimal_addition,1,11
32,decimal_addition_q3,decimal_addition,0,12
32,decimal_addition_q4,decimal_addition,1,13
32,decimal_addition_q5,decimal_addition,1,14
32,decimal_addition_q6,decimal_addition,0,15
32,decimal_addition_q7,decimal_addition,0,16
32,decimal_addition_q8,decimal_addition,1,17
32,decimal_addition_q9,decimal_addition,1,18
32,decimal_addition_q10,decimal_addition,1,19
32,place_value_q1,place_value,1,20
32,place_value_q2,place_value,1,21
32,place_value_q3,place_value,0,22
32,place_value_q4,place_value,1,23
32,place_value_q5,place_value,0,24
32,place_value_q6,place_value,1,25
32,place_value_q7,place_value,1,26
32,place_value_q8,place_value,1,27
32,place_value_q9,place_value,0,28
32,place_value_q10,place_value,0,29
33,decimal_comparison_q1,decimal_comparison,0,0
33,decimal_comparison_q2,decimal_comparison,0,1
33,decimal_comparison_q3,decimal_comparison,1,2
33,decimal_comparison_q4,decimal_comparison,1,3
33,decimal_comparison_q5,decimal_comparison,1,4
33,decimal_comparison_q6,decimal_comparison,0,5
33,decimal_comparison_q7,decimal_comparison,0,6
33,decimal_comparison_q8,decimal_comparison,1,7
33,decimal_comparison_q9,decimal_comparison,1,8
33,decimal_comparison_q10,decimal_comparison,0,9
33,decimal_addition_q1,decimal_addition,1,10
33,decimal_addition_q2,decimal_addition,1,11
33,decimal_addition_q3,decimal_addition,0,12
33,decimal_addition_q4,decimal_addition,1,13
33,decimal_addition_q5,decimal_addition,0,14
33,decimal_addition_q6,decimal_addition,1,15
33,decimal_addition_q7,decimal_addition,0,16
33,decimal_addition_q8,decimal_addition,0,17
33,decimal_addition_q9,decimal_addition,0,18
33,decimal_addition_q10,decimal_addition,1,19
33,place_value_q1,place_value,0,20
33,place_value_q2,place_value,0,21
33,place_value_q3,place_value,1,22
33,place_value_q4,place_value,0,23
33,place_value_q5,place_value,1,24
33,place_value_q6,place_value,1,25
33,place_value_q7,place_value,1,26
33,place_value_q8,place_value,1,27
33,place_value_q9,place_value,1,28
33,place_value_q10,place_value,1,29
34,decimal_comparison_q1,decimal_comparison,1,0
34,decimal_comparison_q2,decimal_comparison,1,1
34,decimal_comparison_q3,decimal_comparison,1,2
34,decimal_comparison_q4,decimal_comparison,1,3
34,decimal_comparison_q5,decimal_comparison,1,4
34,decimal_comparison_q6,decimal_comparison,1,5
34,decimal_comparison_q7,decimal_comparison,1,6
34,decimal_comparison_q8,decimal_comparison,1,7
34,decimal_comparison_q9,decimal_comparison,0,8
34,decimal_comparison_q10,decimal_comparison,1,9
34,decimal_addition_q1,decimal_addition,1,10
34,decimal_addition_q2,decimal_addition,1,11
34,decimal_addition_q3,decimal_addition,0,12
34,decimal_addition_q4,decimal_addition,1,13
34,decimal_addition_q5,decimal_addition,0,14
34,decimal_addition_q6,decimal_addition,1,15
34,decimal_addition_q7,decimal_addition,0,16
34,decimal_addition_q8,decimal_addition,1,17
34,decimal_addition_q9,decimal_addition,0,18
34,decimal_addition_q10,decimal_addition,1,19
34,place_value_q1,place_value,0,20
34,place_value_q2,place_value,1,21
34,place_value_q3,place_value,1,22
34,place_value_q4,place_value,1,23
34,place_value_q5,place_value,0,24
34,place_value_q6,place_value,0,25
34,place_value_q7,place_value,1,26
34,place_value_q8,place_value,1,27
34,place_value_q9,place_value,1,28
34,place_value_q10,place_value,1,29
35,decimal_comparison_q1,decimal_comparison,0,0
35,decimal_comparison_q2,decimal_comparison,0,1
35,decimal_comparison_q3,decimal_comparison,0,2
35,decimal_comparison_q4,decimal_comparison,0,3
35,decimal_comparison_q5,decimal_comparison,0,4
35,decimal_comparison_q6,decimal_comparison,1,5
35,decimal_comparison_q7,decimal_comparison,0,6
35,decimal_comparison_q8,decimal_comparison,1,7
35,decimal_comparison_q9,decimal_comparison,1,8
35,decimal_comparison_q10,decimal_comparison,0,9
35,decimal_addition_q1,decimal_addition,0,10
35,decimal_addition_q2,decimal_addition,1,11
35,decimal_addition_q3,decimal_addition,1,12
35,decimal_addition_q4,decimal_addition,0,13
35,decimal_addition_q5,decimal_addition,0,14
35,decimal_addition_q6,decimal_addition,1,15
35,decimal_addition_q7,decimal_addition,1,16
35,decimal_addition_q8,decimal_addition,0,17
35,decimal_addition_q9,decimal_addition,1,18
35,decimal_addition_q10,decimal_addition,1,19
35,place_value_q1,place_value,1,20
35,place_value_q2,place_value,0,21
35,place_value_q3,place_value,1,22
35,place_value_q4,place_value,1,23
35,place_value_q5,place_value,1,24
35,place_value_q6,place_value,0,25
35,place_value_q7,place_value,0,26
35,place_value_q8,place_value,0,27
35,place_value_q9,place_value,0,28
35,place_value_q10,place_value,1,29
36,decimal_comparison_q1,decimal_comparison,1,0
36,decimal_comparison_q2,decimal_comparison,0,1
36,decimal_comparison_q3,decimal_comparison,1,2
36,decimal_comparison_q4,decimal_comparison,0,3
36,decimal_comparison_q5,decimal_comparison,0,4
36,decimal_comparison_q6,decimal_comparison,0,5
36,decimal_comparison_q7,decimal_comparison,0,6
36,decimal_comparison_q8,decimal_comparison,1,7
36,decimal_comparison_q9,decimal_comparison,1,8
36,decimal_comparison_q10,decimal_comparison,0,9
36,decimal_addition_q1,decimal_addition,1,10
36,decimal_addition_q2,decimal_addition,0,11
36,decimal_addition_q3,decimal_addition,1,12
36,decimal_addition_q4,decimal_addition,0,13
36,decimal_addition_q5,decimal_addition,0,14
36,decimal_addition_q6,decimal_addition,1,15
36,decimal_addition_q7,decimal_addition,0,16
36,decimal_addition_q8,decimal_addition,0,17
36,decimal_addition_q9,decimal_addition,1,18
36,decimal_addition_q10,decimal_addition,0,19
36,place_value_q1,place_value,0,20
36,place_value_q2,place_value,0,21
36,place_value_q3,place_value,1,22
36,place_value_q4,place_value,1,23
36,place_value_q5,place_value,1,24
36,place_value_q6,place_value,1,25
36,place_value_q7,place_value,0,26
36,place_value_q8,place_value,0,27
36,place_value_q9,place_value,1,28
36,place_value_q10,place_value,1,29
37,decimal_comparison_q1,decimal_comparison,0,0
37,decimal_comparison_q2,decimal_comparison,0,1
37,decimal_comparison_q3,decimal_comparison,0,2
37,decimal_comparison_q4,decimal_comparison,0,3
37,decimal_comparison_q5,decimal_comparison,0,4
37,decimal_comparison_q6,decimal_comparison,0,5
37,decimal_comparison_q7,decimal_comparison,1,6
37,decimal_comparison_q8,decimal_comparison,0,7
37,decimal_comparison_q9,decimal_comparison,0,8
37,decimal_comparison_q10,decimal_comparison,0,9
37,decimal_addition_q1,decimal_addition,1,10
37,decimal_addition_q2,decimal_addition,0,11
37,decimal_addition_q3,decimal_addition,0,12
37,decimal_addition_q4,decimal_addition,0,13
37,decimal_addition_q5,decimal_addition,0,14
37,decimal_addition_q6,decimal_addition,1,15
37,decimal_addition_q7,decimal_addition,1,16
37,decimal_addition_q8,decimal_addition,0,17
37,decimal_addition_q9,decimal_addition,1,18
37,decimal_addition_q10,decimal_addition,1,19
37,place_value_q1,place_value,0,20
37,place_value_q2,place_value,1,21
37,place_value_q3,place_value,0,22
37,place_value_q4,place_value,0,23
37,place_value_q5,place_value,0,24
37,place_value_q6,place_value,0,25
37,place_value_q7,place_value,0,26
37,place_value_q8,place_value,1,27
37,place_value_q9,place_value,1,28
37,place_value_q10,place_value,0,29
38,decimal_comparison_q1,decimal_comparison,1,0
38,decimal_comparison_q2,decimal_comparison,0,1
38,decimal_comparison_q3,decimal_comparison,0,2
38,decimal_comparison_q4,decimal_comparison,1,3
38,decimal_comparison_q5,decimal_comparison,0,4
38,decimal_comparison_q6,decimal_comparison,1,5
38,decimal_comparison_q7,decimal_comparison,1,6
38,decimal_comparison_q8,decimal_comparison,0,7
38,decimal_comparison_q9,decimal_comparison,0,8
38,decimal_comparison_q10,decimal_comparison,0,9
38,decimal_addition_q1,decimal_addition,0,10
38,decimal_addition_q2,decimal_addition,1,11
38,decimal_addition_q3,decimal_addition,0,12
38,decimal_addition_q4,decimal_addition,0,13
38,decimal_addition_q5,decimal_addition,1,14
38,decimal_addition_q6,decimal_addition,0,15
38,decimal_addition_q7,decimal_addition,1,16
38,decimal_addition_q8,decimal_addition,0,17
38,decimal_addition_q9,decimal_addition,1,18
38,decimal_addition_q10,decimal_addition,0,19
38,place_value_q1,place_value,1,20
38,place_value_q2,place_value,0,21
38,place_value_q3,place_value,0,22
38,place_value_q4,place_value,1,23
38,place_value_q5,place_value,0,24
38,place_value_q6,place_value,1,25
38,place_value_q7,place_value,1,26
38,place_value_q8,place_value,0,27
38,place_value_q9,place_value,0,28
38,place_value_q10,place_value,1,29
39,decimal_comparison_q1,decimal_comparison,1,0
39,decimal_comparison_q2,decimal_comparison,0,1
39,decimal_comparison_q3,decimal_comparison,1,2
39,decimal_comparison_q4,decimal_comparison,0,3
39,decimal_comparison_q5,decimal_comparison,0,4
39,decimal_comparison_q6,decimal_comparison,0,5
39,decimal_comparison_q7,decimal_comparison,0,6
39,decimal_comparison_q8,decimal_comparison,1,7
39,decimal_comparison_q9,decimal_comparison,0,8
39,decimal_comparison_q10,decimal_comparison,1,9
39,decimal_addition_q1,decimal_addition,1,10
39,decimal_addition_q2,decimal_addition,1,11
39,decimal_addition_q3,decimal_addition,1,12
39,decimal_addition_q4,decimal_addition,0,13
39,decimal_addition_q5,decimal_addition,0,14
39,decimal_addition_q6,decimal_addition,1,15
39,decimal_addition_q7,decimal_addition,1,16
39,decimal_addition_q8,decimal_addition,0,17
39,decimal_addition_q9,decimal_addition,1,18
39,decimal_addition_q10,decimal_addition,1,19
39,place_value_q1,place_value,1,20
39,place_value_q2,place_value,0,21
39,place_value_q3,place_value,0,22
39,place_value_q4,place_value,1,23
39,place_value_q5,place_value,1,24
39,place_value_q6,place_value,0,25
39,place_value_q7,place_value,0,26
39,place_value_q8,place_value,1,27
39,place_value_q9,place_value,0,28
39,place_value_q10,place_value,1,29
40,decimal_comparison_q1,decimal_comparison,0,0
40,decimal_comparison_q2,decimal_comparison,1,1
40,decimal_comparison_q3,decimal_comparison,0,2
40,decimal_comparison_q4,decimal_comparison,1,3
40,decimal_comparison_q5,decimal_comparison,0,4
40,decimal_comparison_q6,decimal_comparison,0,5
40,decimal_comparison_q7,decimal_comparison,1,6
40,decimal_comparison_q8,decimal_comparison,0,7
40,decimal_comparison_q9,decimal_comparison,1,8
40,decimal_comparison_q10,decimal_comparison,0,9
40,decimal_addition_q1,decimal_addition,0,10
40,decimal_addition_q2,decimal_addition,0,11
40,decimal_addition_q3,decimal_addition,1,12
40,decimal_addition_q4,decimal_addition,0,13
40,decimal_addition_q5,decimal_addition,1,14
40,decimal_addition_q6,decimal_addition,0,15
40,decimal_addition_q7,decimal_addition,1,16
40,decimal_addition_q8,decimal_addition,0,17
40,decimal_addition_q9,decimal_addition,1,18
40,decimal_addition_q10,decimal_addition,1,19
40,place_value_q1,place_value,1,20
40,place_value_q2,place_value,1,21
40,place_value_q3,place_value,1,22
40,place_value_q4,place_value,0,23
40,place_value_q5,place_value,0,24
40,place_value_q6,place_value,0,25
40,place_value_q7,place_value,1,26
40,place_value_q8,place_value,1,27
40,place_value_q9,place_value,1,28
40,place_value_q10,place_value,0,29
41,decimal_comparison_q1,decimal_comparison,0,0
41,decimal_comparison_q2,decimal_comparison,0,1
41,decimal_comparison_q3,decimal_comparison,0,2
41,decimal_comparison_q4,decimal_comparison,1,3
41,decimal_comparison_q5,decimal_comparison,0,4
41,decimal_comparison_q6,decimal_comparison,1,5
41,decimal_comparison_q7,decimal_comparison,0,6
41,decimal_comparison_q8,decimal_comparison,0,7
41,decimal_comparison_q9,decimal_comparison,0,8
41,decimal_comparison_q10,decimal_comparison,0,9
41,decimal_addition_q1,decimal_addition,0,10
41,decimal_addition_q2,decimal_addition,0,11
41,decimal_addition_q3,decimal_addition,0,12
41,decimal_addition_q4,decimal_addition,0,13
41,decimal_addition_q5,decimal_addition,1,14
41,decimal_addition_q6,decimal_addition,1,15
41,decimal_addition_q7,decimal_addition,1,16
41,decimal_addition_q8,decimal_addition,0,17
41,decimal_addition_q9,decimal_addition,0,18
41,decimal_addition_q10,decimal_addition,0,19
41,place_value_q1,place_value,0,20
41,place_value_q2,place_value,1,21
41,place_value_q3,place_value,0,22
41,place_value_q4,place_value,0,23
41,place_value_q5,place_value,1,24
41,place_value_q6,place_value,1,25
41,place_value_q7,place_value,0,26
41,place_value_q8,place_value,0,27
41,place_value_q9,place_value,0,28
41,place_value_q10,place_value,0,29
42,decimal_comparison_q1,decimal_comparison,1,0
42,decimal_comparison_q2,decimal_comparison,1,1
42,decimal_comparison_q3,decimal_comparison,1,2
42,decimal_comparison_q4,decimal_comparison,1,3
42,decimal_comparison_q5,decimal_comparison,1,4
42,decimal_comparison_q6,decimal_comparison,1,5
42,decimal_comparison_q7,decimal_comparison,1,6
42,decimal_comparison_q8,decimal_comparison,1,7
42,decimal_comparison_q9,decimal_comparison,1,8
42,decimal_comparison_q10,decimal_comparison,1,9
42,decimal_addition_q1,decimal_addition,1,10
42,decimal_addition_q2,decimal_addition,1,11
42,decimal_addition_q3,decimal_addition,1,12
42,decimal_addition_q4,decimal_addition,1,13
42,decimal_addition_q5,decimal_addition,1,14
42,decimal_addition_q6,decimal_addition,0,15
42,decimal_addition_q7,decimal_addition,1,16
42,decimal_addition_q8,decimal_addition,1,17
42,decimal_addition_q9,decimal_addition,1,18
42,decimal_addition_q10,decimal_addition,1,19
42,place_value_q1,place_value,1,20
42,place_value_q2,place_value,1,21
42,place_value_q3,place_value,1,22
42,place_value_q4,place_value,1,23
42,place_value_q5,place_value,1,24
42,place_value_q6,place_value,0,25
42,place_value_q7,place_value,1,26
42,place_value_q8,place_value,1,27
42,place_value_q9,place_value,1,28
42,place_value_q10,place_value,1,29
43,decimal_comparison_q1,decimal_comparison,1,0
43,decimal_comparison_q2,decimal_comparison,1,1
43,decimal_comparison_q3,decimal_comparison,1,2
43,decimal_comparison_q4,decimal_comparison,1,3
43,decimal_comparison_q5,decimal_comparison,1,4
43,decimal_comparison_q6,decimal_comparison,1,5
43,decimal_comparison_q7,decimal_comparison,0,6
43,decimal_comparison_q8,decimal_comparison,1,7
43,decimal_comparison_q9,decimal_comparison,1,8
43,decimal_comparison_q10,decimal_comparison,1,9
43,decimal_addition_q1,decimal_addition,1,10
43,decimal_addition_q2,decimal_addition,1,11
43,decimal_addition_q3,decimal_addition,1,12
43,decimal_addition_q4,decimal_addition,1,13
43,decimal_addition_q5,decimal_addition,1,14
43,decimal_addition_q6,decimal_addition,0,15
43,decimal_addition_q7,decimal_addition,0,16
43,decimal_addition_q8,decimal_addition,1,17
43,decimal_addition_q9,decimal_addition,1,18
43,decimal_addition_q10,decimal_addition,1,19
43,place_value_q1,place_value,1,20
43,place_value_q2,place_value,1,21
43,place_value_q3,place_value,1,22
43,place_value_q4,place_value,1,23
43,place_value_q5,place_value,1,24
43,place_value_q6,place_value,1,25
43,place_value_q7,place_value,1,26
43,place_value_q8,place_value,1,27
43,place_value_q9,place_value,1,28
43,place_value_q10,place_value,1,29
44,decimal_comparison_q1,decimal_comparison,0,0
44,decimal_comparison_q2,decimal_comparison,1,1
44,decimal_comparison_q3,decimal_comparison,0,2
44,decimal_comparison_q4,decimal_comparison,1,3
44,decimal_comparison_q5,decimal_comparison,1,4
44,decimal_comparison_q6,decimal_comparison,0,5
44,decimal_comparison_q7,decimal_comparison,1,6
44,decimal_comparison_q8,decimal_comparison,0,7
44,decimal_comparison_q9,decimal_comparison,0,8
44,decimal_comparison_q10,decimal_comparison,1,9
44,decimal_addition_q1,decimal_addition,1,10
44,decimal_addition_q2,decimal_addition,0,11
44,decimal_addition_q3,decimal_addition,0,12
44,decimal_addition_q4,decimal_addition,1,13
44,decimal_addition_q5,decimal_addition,0,14
44,decimal_addition_q6,decimal_addition,0,15
44,decimal_addition_q7,decimal_addition,0,16
44,decimal_addition_q8,decimal_addition,1,17
44,decimal_addition_q9,decimal_addition,0,18
44,decimal_addition_q10,decimal_addition,0,19
44,place_value_q1,place_value,1,20
44,place_value_q2,place_value,1,21
44,place_value_q3,place_value,0,22
44,place_value_q4,place_value,1,23
44,place_value_q5,place_value,0,24
44,place_value_q6,place_value,1,25
44,place_value_q7,place_value,1,26
44,place_value_q8,place_value,0,27
44,place_value_q9,place_value,1,28
44,place_value_q10,place_value,1,29
45,decimal_comparison_q1,decimal_comparison,1,0
45,decimal_comparison_q2,decimal_comparison,1,1
45,decimal_comparison_q3,decimal_comparison,0,2
45,decimal_comparison_q4,decimal_comparison,1,3
45,decimal_comparison_q5,decimal_comparison,1,4
45,decimal_comparison_q6,decimal_comparison,1,5
45,decimal_comparison_q7,decimal_comparison,1,6
45,decimal_comparison_q8,decimal_comparison,1,7
45,decimal_comparison_q9,decimal_comparison,0,8
45,decimal_comparison_q10,decimal_comparison,1,9
45,decimal_addition_q1,decimal_addition,1,10
45,decimal_addition_q2,decimal_addition,1,11
45,decimal_addition_q3,decimal_addition,1,12
45,decimal_addition_q4,decimal_addition,1,13
45,decimal_addition_q5,decimal_addition,1,14
45,decimal_addition_q6,decimal_addition,0,15
45,decimal_addition_q7,decimal_addition,1,16
45,decimal_addition_q8,decimal_addition,1,17
45,decimal_addition_q9,decimal_addition,1,18
45,decimal_addition_q10,decimal_addition,1,19
45,place_value_q1,place_value,1,20
45,place_value_q2,place_value,1,21
45,place_value_q3,place_value,1,22
45,place_value_q4,place_value,1,23
45,place_value_q5,place_value,1,24
45,place_value_q6,place_value,1,25
45,place_value_q7,place_value,0,26
45,place_value_q8,place_value,1,27
45,place_value_q9,place_value,1,28
45,place_value_q10,place_value,0,29
46,decimal_comparison_q1,decimal_comparison,0,0
46,decimal_comparison_q2,decimal_comparison,0,1
46,decimal_comparison_q3,decimal_comparison,0,2
46,decimal_comparison_q4,decimal_comparison,0,3
46,decimal_comparison_q5,decimal_comparison,0,4
46,decimal_comparison_q6,decimal_comparison,1,5
46,decimal_comparison_q7,decimal_comparison,0,6
46,decimal_comparison_q8,decimal_comparison,0,7
46,decimal_comparison_q9,decimal_comparison,0,8
46,decimal_comparison_q10,decimal_comparison,1,9
46,decimal_addition_q1,decimal_addition,0,10
46,decimal_addition_q2,decimal_addition,0,11
46,decimal_addition_q3,decimal_addition,0,12
46,decimal_addition_q4,decimal_addition,0,13
46,decimal_addition_q5,decimal_addition,1,14
46,decimal_addition_q6,decimal_addition,1,15
46,decimal_addition_q7,decimal_addition,0,16
46,decimal_addition_q8,decimal_addition,1,17
46,decimal_addition_q9,decimal_addition,0,18
46,decimal_addition_q10,decimal_addition,1,19
46,place_value_q1,place_value,0,20
46,place_value_q2,place_value,0,21
46,place_value_q3,place_value,0,22
46,place_value_q4,place_value,0,23
46,place_value_q5,place_value,0,24
46,place_value_q6,place_value,0,25
46,place_value_q7,place_value,0,26
46,place_value_q8,place_value,0,27
46,place_value_q9,place_value,0,28
46,place_value_q10,place_value,0,29
47,decimal_comparison_q1,decimal_comparison,1,0
47,decimal_comparison_q2,decimal_comparison,0,1
47,decimal_comparison_q3,decimal_comparison,1,2
47,decimal_comparison_q4,decimal_comparison,1,3
47,decimal_comparison_q5,decimal_comparison,1,4
47,decimal_comparison_q6,decimal_comparison,1,5
47,decimal_comparison_q7,decimal_comparison,0,6
47,decimal_comparison_q8,decimal_comparison,1,7
47,decimal_comparison_q9,decimal_comparison,1,8
47,decimal_comparison_q10,decimal_comparison,0,9
47,decimal_addition_q1,decimal_addition,0,10
47,decimal_addition_q2,decimal_addition,1,11
47,decimal_addition_q3,decimal_addition,1,12
47,decimal_addition_q4,decimal_addition,1,13
47,decimal_addition_q5,decimal_addition,0,14
47,decimal_addition_q6,decimal_addition,1,15
47,decimal_addition_q7,decimal_addition,0,16
47,decimal_addition_q8,decimal_addition,1,17
47,decimal_addition_q9,decimal_addition,0,18
47,decimal_addition_q10,decimal_addition,1,19
47,place_value_q1,place_value,1,20
47,place_value_q2,place_value,0,21
47,place_value_q3,place_value,1,22
47,place_value_q4,place_value,0,23
47,place_value_q5,place_value,1,24
47,place_value_q6,place_value,1,25
47,place_value_q7,place_value,0,26
47,place_value_q8,place_value,1,27
47,place_value_q9,place_value,1,28
47,place_value_q10,place_value,0,29
48,decimal_comparison_q1,decimal_comparison,1,0
48,decimal_comparison_q2,decimal_comparison,1,1
48,decimal_comparison_q3,decimal_comparison,1,2
48,decimal_comparison_q4,decimal_comparison,1,3
48,decimal_comparison_q5,decimal_comparison,1,4
48,decimal_comparison_q6,decimal_comparison,1,5
48,decimal_comparison_q7,decimal_comparison,1,6
48,decimal_comparison_q8,decimal_comparison,1,7
48,decimal_comparison_q9,decimal_comparison,1,8
48,decimal_comparison_q10,decimal_comparison,1,9
48,decimal_addition_q1,decimal_addition,1,10
48,decimal_addition_q2,decimal_addition,1,11
48,decimal_addition_q3,decimal_addition,1,12
48,decimal_addition_q4,decimal_addition,1,13
48,decimal_addition_q5,decimal_addition,1,14
48,decimal_addition_q6,decimal_addition,1,15
48,decimal_addition_q7,decimal_addition,1,16
48,decimal_addition_q8,decimal_addition,1,17
48,decimal_addition_q9,decimal_addition,1,18
48,decimal_addition_q10,decimal_addition,1,19
48,place_value_q1,place_value,1,20
48,place_value_q2,place_value,1,21
48,place_value_q3,place_value,1,22
48,place_value_q4,place_value,1,23
48,place_value_q5,place_value,1,24
48,place_value_q6,place_value,1,25
48,place_value_q7,place_value,1,26
48,place_value_q8,place_value,1,27
48,place_value_q9,place_value,1,28
48,place_value_q10,place_value,1,29
49,decimal_comparison_q1,decimal_comparison,0,0
49,decimal_comparison_q2,decimal_comparison,0,1
49,decimal_comparison_q3,decimal_comparison,0,2
49,decimal_comparison_q4,decimal_comparison,1,3
49,decimal_comparison_q5,decimal_comparison,1,4
49,decimal_comparison_q6,decimal_comparison,0,5
49,decimal_comparison_q7,decimal_comparison,1,6
49,decimal_comparison_q8,decimal_comparison,0,7
49,decimal_comparison_q9,decimal_comparison,0,8
49,decimal_comparison_q10,decimal_comparison,0,9
49,decimal_addition_q1,decimal_addition,0,10
49,decimal_addition_q2,decimal_addition,1,11
49,decimal_addition_q3,decimal_addition,0,12
49,decimal_addition_q4,decimal_addition,1,13
49,decimal_addition_q5,decimal_addition,0,14
49,decimal_addition_q6,decimal_addition,1,15
49,decimal_addition_q7,decimal_addition,0,16
49,decimal_addition_q8,decimal_addition,0,17
49,decimal_addition_q9,decimal_addition,0,18
49,decimal_addition_q10,decimal_addition,0,19
49,place_value_q1,place_value,0,20
49,place_value_q2,place_value,0,21
49,place_value_q3,place_value,1,22
49,place_value_q4,place_value,0,23
49,place_value_q5,place_value,0,24
49,place_value_q6,place_value,0,25
49,place_value_q7,place_value,0,26
49,place_value_q8,place_value,0,27
49,place_value_q9,place_value,0,28
49,place_value_q10,place_value,0,29
50,decimal_comparison_q1,decimal_comparison,0,0
50,decimal_comparison_q2,decimal_comparison,0,1
50,decimal_comparison_q3,decimal_comparison,0,2
50,decimal_comparison_q4,decimal_comparison,0,3
50,decimal_comparison_q5,decimal_comparison,0,4
50,decimal_comparison_q6,decimal_comparison,0,5
50,decimal_comparison_q7,decimal_comparison,0,6
50,decimal_comparison_q8,decimal_comparison,0,7
50,decimal_comparison_q9,decimal_comparison,1,8
50,decimal_comparison_q10,decimal_comparison,0,9
50,decimal_addition_q1,decimal_addition,0,10
50,decimal_addition_q2,decimal_addition,0,11
50,decimal_addition_q3,decimal_addition,0,12
50,decimal_addition_q4,decimal_addition,0,13
50,decimal_addition_q5,decimal_addition,1,14
50,decimal_addition_q6,decimal_addition,0,15
50,decimal_addition_q7,decimal_addition,1,16
50,decimal_addition_q8,decimal_addition,1,17
50,decimal_addition_q9,decimal_addition,0,18
50,decimal_addition_q10,decimal_addition,0,19
50,place_value_q1,place_value,0,20
50,place_value_q2,place_value,0,21
50,place_value_q3,place_value,1,22
50,place_value_q4,place_value,1,23
50,place_value_q5,place_value,0,24
50,place_value_q6,place_value,0,25
50,place_value_q7,place_value,0,26
50,place_value_q8,place_value,0,27
50,place_value_q9,place_value,1,28
50,place_value_q10,place_value,0,29
